source_corroboration,geospatial_consistency,temporal_consistency,visual_evidence,contradiction_penalty,is_fake
{"record_id": "SH_IN_SYN_GUJ_OFF_01", "incident_id": "INC_2024_GUJ_SURAT_GAS_LEAK", "text": "GPCB & SURAT CRISIS MANAGEMENT: Ammonia vapor leakage reported from tanker valve in Sachin GIDC chemical zone. Radius of 1.5 km cordoned off. Fire department deployed water curtains. Residents of Sachin village advised to stay indoors with wet masks over nose and mouth.", "source": "official", "language": "en", "hazard_type": "industrial", "information_type": "caution_and_advice", "severity": "critical", "location": "Sachin GIDC, Sachin village, Surat, Gujarat", "location_spans": [{"text": "Sachin GIDC", "type": "locality", "start": 84, "end": 95}, {"text": "Sachin village", "type": "locality", "start": 196, "end": 210}], "geo": {"lat": 21.08569, "lon": 72.87964, "admin1": "Gujarat", "admin2": "Surat", "resolution": "locality", "method": "gazetteer_matched"}, "people_affected": 4000, "resource_type": "fire_tenders_and_hazmat_gear", "resource_action": "available", "quantity": "12 fire tenders, HAZMAT unit", "verification_status": "verified", "confidence": 0.99, "cross_source_corroboration": {"corroborating_record_ids": ["SH_IN_SYN_GUJ_SENSOR_01", "SH_IN_SYN_GUJ_NEWS_01"], "corroboration_type": "independent_official", "consensus_level": "high"}, "provenance": "Shoonya-Synthetic-India-v1.0 (Scenario: 2024 Sachin GIDC Chemical Industrial Ammonia Leak / Augmenting HumAID-FIRE-IDRISI-TREC_IS)", "timestamp": "2024-05-18T05:10:00+05:30", "is_synthetic": true}
{"record_id": "SH_IN_SYN_GUJ_SENSOR_01", "incident_id": "INC_2024_GUJ_SURAT_GAS_LEAK", "text": "GIDC_AQI_LORA_NODE [STN_SACHIN_CHEM_07]: NH3 (Ammonia) sensor spiked to 215 PPM (Permissible Exposure Limit: 25 PPM). VOC sensor: 1800 ug/m3. Status: TOXIC_GAS_THRESHOLD_EXCEEDED.", "source": "lora_sensor", "language": "en", "hazard_type": "industrial", "information_type": "sensor_alert", "severity": "critical", "location": "Sachin GIDC, Surat, Gujarat", "location_spans": [], "geo": {"lat": 21.08891, "lon": 72.85532, "admin1": "Gujarat", "admin2": "Surat", "resolution": "district", "method": "gps_device"}, "people_affected": null, "resource_type": "sensor_telemetry", "resource_action": "none", "quantity": null, "verification_status": "verified", "confidence": 0.99, "cross_source_corroboration": {"corroborating_record_ids": ["SH_IN_SYN_GUJ_OFF_01", "SH_IN_SYN_GUJ_NEWS_01"], "corroboration_type": "supporting", "consensus_level": "high"}, "provenance": "Shoonya-Synthetic-India-v1.0 (Scenario: 2024 Sachin GIDC Chemical Industrial Ammonia Leak / Augmenting HumAID-FIRE-IDRISI-TREC_IS)", "timestamp": "2024-05-18T05:03:00+05:30", "is_synthetic": true}
{"record_id": "SH_IN_SYN_GUJ_SMS_01", "incident_id": "INC_2024_GUJ_SURAT_GAS_LEAK", "text": "Sachin GIDC Road 3 par factory me gas leak hui h aakh me jalan aur sans lene me dikkat ho rhi h. 6 workers behosh ho gye hain oxygen ambulance bhejo!", "source": "sms", "language": "hi-en", "hazard_type": "industrial", "information_type": "injured_or_dead_people", "severity": "critical", "location": "Sachin GIDC Road 3, Surat", "location_spans": [{"text": "Sachin GIDC Road 3", "type": "landmark", "start": 0, "end": 18}], "geo": {"lat": 21.09786, "lon": 72.85879, "admin1": "Gujarat", "admin2": "Surat", "resolution": "district", "method": "gazetteer_matched"}, "people_affected": 6, "resource_type": "oxygen_ambulance", "resource_action": "need", "quantity": "2 ALS ambulances, oxygen cylinders", "verification_status": "verified", "confidence": 0.93, "cross_source_corroboration": {"corroborating_record_ids": ["SH_IN_SYN_GUJ_OFF_01", "SH_IN_SYN_GUJ_SENSOR_01", "SH_IN_SYN_GUJ_NEWS_01"], "corroboration_type": "supporting", "consensus_level": "high"}, "provenance": "Shoonya-Synthetic-India-v1.0 (Scenario: 2024 Sachin GIDC Chemical Industrial Ammonia Leak / Augmenting HumAID-FIRE-IDRISI-TREC_IS)", "timestamp": "2024-05-18T05:25:00+05:30", "is_synthetic": true}
{"record_id": "SH_IN_SYN_GUJ_SMS_02_DUP", "incident_id": "INC_2024_GUJ_SURAT_GAS_LEAK", "text": "sachin gidc gas leak 6 workers unconscious choking breathing difficulty ambulance with oxygen urgently", "source": "sms", "language": "hi-en", "hazard_type": "industrial", "information_type": "injured_or_dead_people", "severity": "critical", "location": "sachin gidc, Surat", "location_spans": [{"text": "sachin gidc", "type": "locality", "start": 0, "end": 11}], "geo": {"lat": 21.08697, "lon": 72.86021, "admin1": "Gujarat", "admin2": "Surat", "resolution": "locality", "method": "gazetteer_matched"}, "people_affected": 6, "resource_type": "ambulance_oxygen", "resource_action": "need", "quantity": "ambulances", "verification_status": "verified", "confidence": 0.89, "cross_source_corroboration": {"corroborating_record_ids": ["SH_IN_SYN_GUJ_OFF_01", "SH_IN_SYN_GUJ_SMS_01"], "corroboration_type": "duplicate", "consensus_level": "high"}, "provenance": "Shoonya-Synthetic-India-v1.0 (Scenario: 2024 Sachin GIDC Chemical Industrial Ammonia Leak / Augmenting HumAID-FIRE-IDRISI-TREC_IS)", "timestamp": "2024-05-18T05:31:00+05:30", "is_synthetic": true}
{"record_id": "SH_IN_SYN_GUJ_IVR_01", "incident_id": "INC_2024_GUJ_SURAT_GAS_LEAK", "text": "इमरजेंसी हेल्पलाइन सूरत? हम सचिन जीआईडीसी के पास लेबर कॉलोनी से बोल रहे हैं। हवा में बहुत तीखी गंध आ रही है, बच्चे खांस रहे हैं और उल्टियां हो रही हैं। हमें यहां से निकालने के लिए बसें भेजिए।", "source": "ivr", "language": "hi", "hazard_type": "industrial", "information_type": "requests_or_urgent_needs", "severity": "high", "location": "लेबर कॉलोनी, सचिन जीआईडीसी, सूरत, गुजरात", "location_spans": [{"text": "लेबर कॉलोनी", "type": "locality", "start": 49, "end": 60}, {"text": "सचिन जीआईडीसी", "type": "locality", "start": 28, "end": 41}, {"text": "सूरत", "type": "district", "start": 19, "end": 23}], "geo": {"lat": 21.08443, "lon": 72.85556, "admin1": "Gujarat", "admin2": "Surat", "resolution": "locality", "method": "gazetteer_matched"}, "people_affected": 80, "resource_type": "evacuation_buses_and_masks", "resource_action": "need", "quantity": "4 evacuation buses, N95 masks", "verification_status": "verified", "confidence": 0.94, "cross_source_corroboration": {"corroborating_record_ids": ["SH_IN_SYN_GUJ_OFF_01", "SH_IN_SYN_GUJ_SENSOR_01", "SH_IN_SYN_GUJ_NEWS_01"], "corroboration_type": "supporting", "consensus_level": "high"}, "provenance": "Shoonya-Synthetic-India-v1.0 (Scenario: 2024 Sachin GIDC Chemical Industrial Ammonia Leak / Augmenting HumAID-FIRE-IDRISI-TREC_IS)", "timestamp": "2024-05-18T05:45:00+05:30", "is_synthetic": true}
{"record_id": "SH_IN_SYN_GUJ_NEWS_01", "incident_id": "INC_2024_GUJ_SURAT_GAS_LEAK", "text": "Surat: Gas leak plugged within 90 minutes in Sachin GIDC. 18 factory workers admitted to New Civil Hospital Surat; all stable under observation. GPCB initiates environmental compliance inquiry.", "source": "news", "language": "en", "hazard_type": "industrial", "information_type": "injured_or_dead_people", "severity": "medium", "location": "Sachin GIDC, New Civil Hospital Surat, Gujarat", "location_spans": [{"text": "Sachin GIDC", "type": "locality", "start": 45, "end": 56}, {"text": "New Civil Hospital Surat", "type": "poi", "start": 89, "end": 113}], "geo": {"lat": 21.08377, "lon": 72.88336, "admin1": "Gujarat", "admin2": "Surat", "resolution": "poi", "method": "gazetteer_matched"}, "people_affected": 18, "resource_type": "hospital_icu_beds", "resource_action": "available", "quantity": "25 ICU beds prepared", "verification_status": "verified", "confidence": 0.98, "cross_source_corroboration": {"corroborating_record_ids": ["SH_IN_SYN_GUJ_OFF_01", "SH_IN_SYN_GUJ_SENSOR_01"], "corroboration_type": "supporting", "consensus_level": "high"}, "provenance": "Shoonya-Synthetic-India-v1.0 (Scenario: 2024 Sachin GIDC Chemical Industrial Ammonia Leak / Augmenting HumAID-FIRE-IDRISI-TREC_IS)", "timestamp": "2024-05-18T06:30:00+05:30", "is_synthetic": true}
{"record_id": "SH_IN_SYN_GUJ_APP_01_AVAIL", "incident_id": "INC_2024_GUJ_SURAT_GAS_LEAK", "text": "Surat Indian Medical Association (IMA) deployed 5 mobile respiratory clinic vans to Sachin village with nebulizers, oxygen concentrators, and saline eyewash.", "source": "app_report", "language": "en", "hazard_type": "industrial", "information_type": "rescue_volunteering_or_donation_effort", "severity": "medium", "location": "Sachin village, Surat, Gujarat", "location_spans": [{"text": "Sachin village", "type": "locality", "start": 84, "end": 98}, {"text": "Surat", "type": "district", "start": 0, "end": 5}], "geo": {"lat": 21.08036, "lon": 72.87732, "admin1": "Gujarat", "admin2": "Surat", "resolution": "locality", "method": "gps_device"}, "people_affected": 500, "resource_type": "mobile_respiratory_vans", "resource_action": "available", "quantity": "5 medical vans, 30 oxygen cylinders", "verification_status": "verified", "confidence": 0.96, "cross_source_corroboration": {"corroborating_record_ids": ["SH_IN_SYN_GUJ_OFF_01", "SH_IN_SYN_GUJ_SENSOR_01", "SH_IN_SYN_GUJ_NEWS_01"], "corroboration_type": "supporting", "consensus_level": "high"}, "provenance": "Shoonya-Synthetic-India-v1.0 (Scenario: 2024 Sachin GIDC Chemical Industrial Ammonia Leak / Augmenting HumAID-FIRE-IDRISI-TREC_IS)", "timestamp": "2024-05-18T06:50:00+05:30", "is_synthetic": true}
{"record_id": "SH_IN_SYN_RAJ_OFF_01", "incident_id": "INC_2024_RAJ_CHURU_HEATWAVE", "text": "IMD RED ALERT BULLETIN: Severe heatwave conditions across Rajasthan. Maximum temperatures touched 50.5°C in Churu and 50.0°C in Phalodi. District administration enforced mandatory noon work respite (12 PM - 3 PM) for outdoor laborers. Cooling shelters and ORS points activated.", "source": "official", "language": "en", "hazard_type": "heatwave", "information_type": "caution_and_advice", "severity": "high", "location": "Churu, Phalodi, Rajasthan", "location_spans": [{"text": "Rajasthan", "type": "state", "start": 58, "end": 67}, {"text": "Churu", "type": "district", "start": 108, "end": 113}, {"text": "Phalodi", "type": "district", "start": 128, "end": 135}], "geo": {"lat": 28.28865, "lon": 74.95769, "admin1": "Rajasthan", "admin2": "Churu", "resolution": "district", "method": "gazetteer_matched"}, "people_affected": 250000, "resource_type": "cooling_centers_and_ors", "resource_action": "available", "quantity": "45 cooling shelters, 100000 ORS packets", "verification_status": "verified", "confidence": 0.99, "cross_source_corroboration": {"corroborating_record_ids": ["SH_IN_SYN_RAJ_SENSOR_01"], "corroboration_type": "independent_official", "consensus_level": "high"}, "provenance": "Shoonya-Synthetic-India-v1.0 (Scenario: 2024 Extreme Heatwave & Water Scarcity Emergency in Churu & Phalodi / Augmenting HumAID-FIRE-IDRISI-TREC_IS)", "timestamp": "2024-05-27T12:10:00+05:30", "is_synthetic": true}
{"record_id": "SH_IN_SYN_RAJ_SENSOR_01", "incident_id": "INC_2024_RAJ_CHURU_HEATWAVE", "text": "IMD_AWS_TELEMETRY [STN_RAJ_CHURU_02]: Ambient Temperature: 50.5°C (122.9°F), Wet Bulb Globe Temperature (WBGT): 34.2°C (Extreme Danger Zone). Relative Humidity: 14%. Anomaly: HISTORIC_HIGH.", "source": "lora_sensor", "language": "en", "hazard_type": "heatwave", "information_type": "sensor_alert", "severity": "high", "location": "Churu, Rajasthan", "location_spans": [], "geo": {"lat": 28.30372, "lon": 74.97486, "admin1": "Rajasthan", "admin2": "Churu", "resolution": "district", "method": "gps_device"}, "people_affected": null, "resource_type": "sensor_telemetry", "resource_action": "none", "quantity": null, "verification_status": "verified", "confidence": 0.99, "cross_source_corroboration": {"corroborating_record_ids": ["SH_IN_SYN_RAJ_OFF_01"], "corroboration_type": "supporting", "consensus_level": "high"}, "provenance": "Shoonya-Synthetic-India-v1.0 (Scenario: 2024 Extreme Heatwave & Water Scarcity Emergency in Churu & Phalodi / Augmenting HumAID-FIRE-IDRISI-TREC_IS)", "timestamp": "2024-05-27T12:05:00+05:30", "is_synthetic": true}
{"record_id": "SH_IN_SYN_RAJ_SMS_01", "incident_id": "INC_2024_RAJ_CHURU_HEATWAVE", "text": "Churu Taranagar gaon me handpump sukh gaye hain. 200 log bina peene ke paani ke hain garmi 50 degree h. Paani ka tanker jaldi bhejwao!", "source": "sms", "language": "hi-en", "hazard_type": "heatwave", "information_type": "requests_or_urgent_needs", "severity": "high", "location": "Taranagar, Churu, Rajasthan", "location_spans": [{"text": "Churu", "type": "district", "start": 0, "end": 5}, {"text": "Taranagar", "type": "locality", "start": 6, "end": 15}], "geo": {"lat": 28.28153, "lon": 74.94675, "admin1": "Rajasthan", "admin2": "Churu", "resolution": "locality", "method": "gazetteer_matched"}, "people_affected": 200, "resource_type": "water_tanker", "resource_action": "need", "quantity": "4 water tankers (20,000 Litres)", "verification_status": "verified", "confidence": 0.92, "cross_source_corroboration": {"corroborating_record_ids": ["SH_IN_SYN_RAJ_OFF_01", "SH_IN_SYN_RAJ_SENSOR_01"], "corroboration_type": "supporting", "consensus_level": "high"}, "provenance": "Shoonya-Synthetic-India-v1.0 (Scenario: 2024 Extreme Heatwave & Water Scarcity Emergency in Churu & Phalodi / Augmenting HumAID-FIRE-IDRISI-TREC_IS)", "timestamp": "2024-05-27T12:35:00+05:30", "is_synthetic": true}
{"record_id": "SH_IN_SYN_RAJ_IVR_01", "incident_id": "INC_2024_RAJ_CHURU_HEATWAVE", "text": "कंट्रोल रूम चूरू? हमारे ईंट भट्ठे पर 4 मजदूरों को लू लग गई है और बेहोश हो गए हैं। तेज बुखार और उल्टी हो रही है। तुरंत एम्बुलेंस और ओआरएस भेजिए।", "source": "ivr", "language": "hi", "hazard_type": "heatwave", "information_type": "injured_or_dead_people", "severity": "high", "location": "चूरू, राजस्थान", "location_spans": [{"text": "चूरू", "type": "district", "start": 12, "end": 16}], "geo": {"lat": 28.29707, "lon": 74.94683, "admin1": "Rajasthan", "admin2": "Churu", "resolution": "district", "method": "gazetteer_matched"}, "people_affected": 4, "resource_type": "heatstroke_ambulance", "resource_action": "need", "quantity": "1 ambulance, IV fluids", "verification_status": "verified", "confidence": 0.93, "cross_source_corroboration": {"corroborating_record_ids": ["SH_IN_SYN_RAJ_OFF_01", "SH_IN_SYN_RAJ_SENSOR_01"], "corroboration_type": "supporting", "consensus_level": "high"}, "provenance": "Shoonya-Synthetic-India-v1.0 (Scenario: 2024 Extreme Heatwave & Water Scarcity Emergency in Churu & Phalodi / Augmenting HumAID-FIRE-IDRISI-TREC_IS)", "timestamp": "2024-05-27T12:50:00+05:30", "is_synthetic": true}
{"record_id": "SH_IN_SYN_RAJ_APP_01_AVAIL", "incident_id": "INC_2024_RAJ_CHURU_HEATWAVE", "text": "Churu Red Cross and Local Vyapar Mandal set up 30 Chhabeel / Pyau water kiosks and distributed 5,000 ORS electrolytes at Churu Bus Stand and Railway Junction.", "source": "app_report", "language": "en", "hazard_type": "heatwave", "information_type": "rescue_volunteering_or_donation_effort", "severity": "low", "location": "Churu Bus Stand, Railway Junction, Churu, Rajasthan", "location_spans": [{"text": "Churu Bus Stand", "type": "poi", "start": 121, "end": 136}, {"text": "Railway Junction", "type": "poi", "start": 141, "end": 157}, {"text": "Churu", "type": "district", "start": 0, "end": 5}], "geo": {"lat": 28.28441, "lon": 74.9465, "admin1": "Rajasthan", "admin2": "Churu", "resolution": "poi", "method": "gps_device"}, "people_affected": 5000, "resource_type": "cold_drinking_water_and_ors", "resource_action": "available", "quantity": "30 kiosks, 5000 ORS packets", "verification_status": "verified", "confidence": 0.97, "cross_source_corroboration": {"corroborating_record_ids": ["SH_IN_SYN_RAJ_OFF_01", "SH_IN_SYN_RAJ_SENSOR_01"], "corroboration_type": "supporting", "consensus_level": "high"}, "provenance": "Shoonya-Synthetic-India-v1.0 (Scenario: 2024 Extreme Heatwave & Water Scarcity Emergency in Churu & Phalodi / Augmenting HumAID-FIRE-IDRISI-TREC_IS)", "timestamp": "2024-05-27T13:20:00+05:30", "is_synthetic": true}
{"record_id": "SH_IN_SYN_RAJ_SOC_01_RUMOUR", "incident_id": "INC_2024_RAJ_CHURU_HEATWAVE", "text": "Rumour in Jodhpur that city tap water supply is contaminated with chemical heat toxins. Do not drink municipal water today! #RajasthanHeat", "source": "social", "language": "hi-en", "hazard_type": "heatwave", "information_type": "caution_and_advice", "severity": "medium", "location": "Jodhpur, Rajasthan", "location_spans": [{"text": "Jodhpur", "type": "district", "start": 10, "end": 17}, {"text": "Rajasthan", "type": "state", "start": 125, "end": 134}], "geo": {"lat": 28.2893, "lon": 74.97258, "admin1": "Rajasthan", "admin2": "Churu", "resolution": "district", "method": "gazetteer_matched"}, "people_affected": null, "resource_type": null, "resource_action": "none", "quantity": null, "verification_status": "debunked", "confidence": 0.08, "cross_source_corroboration": {"corroborating_record_ids": ["SH_IN_SYN_RAJ_OFF_01"], "corroboration_type": "unverified_rumour", "consensus_level": "debunked"}, "provenance": "Shoonya-Synthetic-India-v1.0 (Scenario: 2024 Extreme Heatwave & Water Scarcity Emergency in Churu & Phalodi / Augmenting HumAID-FIRE-IDRISI-TREC_IS)", "timestamp": "2024-05-27T13:40:00+05:30", "is_synthetic": true}
{"record_id": "SH_IN_SYN_UK_OFF_01", "incident_id": "INC_2024_UK_NAINITAL_WILDFIRE", "text": "UTTARAKHAND FOREST DEPT & AIR FORCE: Massive forest fire spreading across Manora Range near Nainital. IAF Mi-17 V5 helicopter deployed using Bambi Bucket collecting water from Bhimtal lake. Section 144 imposed near forest fringes.", "source": "official", "language": "en", "hazard_type": "wildfire", "information_type": "infrastructure_and_utility_damage", "severity": "high", "location": "Manora Range, Nainital, Bhimtal, Uttarakhand", "location_spans": [{"text": "Manora Range", "type": "landmark", "start": 74, "end": 86}, {"text": "Nainital", "type": "district", "start": 92, "end": 100}, {"text": "Bhimtal", "type": "locality", "start": 176, "end": 183}], "geo": {"lat": 29.39283, "lon": 79.44091, "admin1": "Uttarakhand", "admin2": "Nainital", "resolution": "locality", "method": "gazetteer_matched"}, "people_affected": 1200, "resource_type": "iaf_helicopter_bambi_bucket", "resource_action": "available", "quantity": "2 IAF Mi-17 helicopters, 150 fire beaters", "verification_status": "verified", "confidence": 0.99, "cross_source_corroboration": {"corroborating_record_ids": ["SH_IN_SYN_UK_SENSOR_01"], "corroboration_type": "independent_official", "consensus_level": "high"}, "provenance": "Shoonya-Synthetic-India-v1.0 (Scenario: 2024 Pine Forest Wildfires in Nainital & Almora Hill Slopes / Augmenting HumAID-FIRE-IDRISI-TREC_IS)", "timestamp": "2024-05-04T15:15:00+05:30", "is_synthetic": true}
{"record_id": "SH_IN_SYN_UK_SENSOR_01", "incident_id": "INC_2024_UK_NAINITAL_WILDFIRE", "text": "FSI_LORA_IR_NODE [STN_MANORA_RIDGE_03]: Thermal Infrared Sensor detected canopy temperature 620°C. PM2.5: 890 ug/m3. Flame propagation speed: 2.1 m/s downwind. Status: SEVERE_FOREST_CROWN_FIRE.", "source": "lora_sensor", "language": "en", "hazard_type": "wildfire", "information_type": "sensor_alert", "severity": "high", "location": "Manora Range, Nainital, Uttarakhand", "location_spans": [], "geo": {"lat": 29.39213, "lon": 79.46474, "admin1": "Uttarakhand", "admin2": "Nainital", "resolution": "district", "method": "gps_device"}, "people_affected": null, "resource_type": "sensor_telemetry", "resource_action": "none", "quantity": null, "verification_status": "verified", "confidence": 0.98, "cross_source_corroboration": {"corroborating_record_ids": ["SH_IN_SYN_UK_OFF_01"], "corroboration_type": "supporting", "consensus_level": "high"}, "provenance": "Shoonya-Synthetic-India-v1.0 (Scenario: 2024 Pine Forest Wildfires in Nainital & Almora Hill Slopes / Augmenting HumAID-FIRE-IDRISI-TREC_IS)", "timestamp": "2024-05-04T15:05:00+05:30", "is_synthetic": true}
{"record_id": "SH_IN_SYN_UK_SMS_01", "incident_id": "INC_2024_UK_NAINITAL_WILDFIRE", "text": "Bhowali road par aag jungle se resort ke pas pahuch gayi hai. 35 tourists trapped hain dhuen se sans lena mushkil h. Fire brigade jaldi bhejo!", "source": "sms", "language": "hi-en", "hazard_type": "wildfire", "information_type": "requests_or_urgent_needs", "severity": "critical", "location": "Bhowali road, Nainital, Uttarakhand", "location_spans": [{"text": "Bhowali road", "type": "landmark", "start": 0, "end": 12}], "geo": {"lat": 29.40515, "lon": 79.45629, "admin1": "Uttarakhand", "admin2": "Nainital", "resolution": "district", "method": "gazetteer_matched"}, "people_affected": 35, "resource_type": "fire_tenders_and_evacuation_vehicles", "resource_action": "need", "quantity": "2 fire tenders, 3 rescue vans", "verification_status": "verified", "confidence": 0.93, "cross_source_corroboration": {"corroborating_record_ids": ["SH_IN_SYN_UK_OFF_01", "SH_IN_SYN_UK_SENSOR_01"], "corroboration_type": "supporting", "consensus_level": "high"}, "provenance": "Shoonya-Synthetic-India-v1.0 (Scenario: 2024 Pine Forest Wildfires in Nainital & Almora Hill Slopes / Augmenting HumAID-FIRE-IDRISI-TREC_IS)", "timestamp": "2024-05-04T15:35:00+05:30", "is_synthetic": true}
{"record_id": "SH_IN_SYN_UK_SMS_02_DUP", "incident_id": "INC_2024_UK_NAINITAL_WILDFIRE", "text": "bhowali forest fire near resort 35 people stranded smoke heavy need fire tender urgently", "source": "sms", "language": "hi-en", "hazard_type": "wildfire", "information_type": "requests_or_urgent_needs", "severity": "critical", "location": "bhowali, Nainital", "location_spans": [{"text": "bhowali", "type": "locality", "start": 0, "end": 7}], "geo": {"lat": 29.39427, "lon": 79.44039, "admin1": "Uttarakhand", "admin2": "Nainital", "resolution": "locality", "method": "gazetteer_matched"}, "people_affected": 35, "resource_type": "fire_tender", "resource_action": "need", "quantity": "fire tender", "verification_status": "verified", "confidence": 0.89, "cross_source_corroboration": {"corroborating_record_ids": ["SH_IN_SYN_UK_OFF_01", "SH_IN_SYN_UK_SMS_01"], "corroboration_type": "duplicate", "consensus_level": "high"}, "provenance": "Shoonya-Synthetic-India-v1.0 (Scenario: 2024 Pine Forest Wildfires in Nainital & Almora Hill Slopes / Augmenting HumAID-FIRE-IDRISI-TREC_IS)", "timestamp": "2024-05-04T15:42:00+05:30", "is_synthetic": true}
{"record_id": "SH_IN_SYN_UK_IVR_01", "incident_id": "INC_2024_UK_NAINITAL_WILDFIRE", "text": "वन विभाग कंट्रोल रूम? हम तल्लीताल नैनीताल से बोल रहे हैं। चीड़ के जंगल की आग रिहायशी इलाके से 200 मीटर दूर रह गई है। हवा बहुत तेज चल रही है। दमकल की गाड़ियां और पानी के टैंकर तुरंत भेजिए।", "source": "ivr", "language": "hi", "hazard_type": "wildfire", "information_type": "requests_or_urgent_needs", "severity": "high", "location": "तल्लीताल, नैनीताल, उत्तराखंड", "location_spans": [{"text": "तल्लीताल", "type": "locality", "start": 25, "end": 33}, {"text": "नैनीताल", "type": "district", "start": 34, "end": 41}], "geo": {"lat": 29.37936, "lon": 79.45892, "admin1": "Uttarakhand", "admin2": "Nainital", "resolution": "locality", "method": "gazetteer_matched"}, "people_affected": 150, "resource_type": "fire_tenders_and_water_bowsers", "resource_action": "need", "quantity": "3 water bowsers", "verification_status": "verified", "confidence": 0.94, "cross_source_corroboration": {"corroborating_record_ids": ["SH_IN_SYN_UK_OFF_01", "SH_IN_SYN_UK_SENSOR_01"], "corroboration_type": "supporting", "consensus_level": "high"}, "provenance": "Shoonya-Synthetic-India-v1.0 (Scenario: 2024 Pine Forest Wildfires in Nainital & Almora Hill Slopes / Augmenting HumAID-FIRE-IDRISI-TREC_IS)", "timestamp": "2024-05-04T15:55:00+05:30", "is_synthetic": true}
{"record_id": "SH_IN_SYN_UK_APP_01_AVAIL", "incident_id": "INC_2024_UK_NAINITAL_WILDFIRE", "text": "Nainital Adventure Guides Association mobilised 60 trained mountain volunteers with fire-beaters, water backpacks, and safety goggles stationed at Pines-Bhimtal junction.", "source": "app_report", "language": "en", "hazard_type": "wildfire", "information_type": "rescue_volunteering_or_donation_effort", "severity": "medium", "location": "Pines-Bhimtal junction, Nainital, Uttarakhand", "location_spans": [{"text": "Pines-Bhimtal junction", "type": "landmark", "start": 147, "end": 169}, {"text": "Nainital", "type": "district", "start": 0, "end": 8}], "geo": {"lat": 29.39386, "lon": 79.44869, "admin1": "Uttarakhand", "admin2": "Nainital", "resolution": "district", "method": "gps_device"}, "people_affected": 60, "resource_type": "volunteer_firefighting_squad", "resource_action": "available", "quantity": "60 volunteers, 40 water backpacks", "verification_status": "verified", "confidence": 0.97, "cross_source_corroboration": {"corroborating_record_ids": ["SH_IN_SYN_UK_OFF_01", "SH_IN_SYN_UK_SENSOR_01"], "corroboration_type": "supporting", "consensus_level": "high"}, "provenance": "Shoonya-Synthetic-India-v1.0 (Scenario: 2024 Pine Forest Wildfires in Nainital & Almora Hill Slopes / Augmenting HumAID-FIRE-IDRISI-TREC_IS)", "timestamp": "2024-05-04T16:25:00+05:30", "is_synthetic": true}
{"record_id": "SH_IN_SYN_UK_SOC_01_RUMOUR", "incident_id": "INC_2024_UK_NAINITAL_WILDFIRE", "text": "Naini Lake water is boiling due to forest fires and all fish have died! Avoid visiting Nainital for 1 year! #NainitalWildfire", "source": "social", "language": "hi-en", "hazard_type": "wildfire", "information_type": "other_relevant_information", "severity": "low", "location": "Naini Lake, Nainital", "location_spans": [{"text": "Naini Lake", "type": "landmark", "start": 0, "end": 10}, {"text": "Nainital", "type": "district", "start": 87, "end": 95}], "geo": {"lat": 29.38472, "lon": 79.45929, "admin1": "Uttarakhand", "admin2": "Nainital", "resolution": "district", "method": "gazetteer_matched"}, "people_affected": null, "resource_type": null, "resource_action": "none", "quantity": null, "verification_status": "debunked", "confidence": 0.06, "cross_source_corroboration": {"corroborating_record_ids": ["SH_IN_SYN_UK_OFF_01"], "corroboration_type": "unverified_rumour", "consensus_level": "debunked"}, "provenance": "Shoonya-Synthetic-India-v1.0 (Scenario: 2024 Pine Forest Wildfires in Nainital & Almora Hill Slopes / Augmenting HumAID-FIRE-IDRISI-TREC_IS)", "timestamp": "2024-05-04T16:50:00+05:30", "is_synthetic": true}
{"record_id": "SH_IN_SYN_DEL_OFF_01", "incident_id": "INC_2024_DEL_ROHTAK_EARTHQUAKE", "text": "NCS (NATIONAL CENTRE FOR SEISMOLOGY) BULLETIN: Earthquake of Magnitude 4.8 occurred at 18:30 IST. Epicenter located at Rohtak, Haryana (Depth: 10 km). Strong tremors felt across Gurugram, Delhi, Noida, and Faridabad. No major structural collapse reported so far.", "source": "official", "language": "en", "hazard_type": "earthquake", "information_type": "caution_and_advice", "severity": "medium", "location": "Rohtak, Haryana, Gurugram, Delhi, Noida, Faridabad", "location_spans": [{"text": "Rohtak", "type": "district", "start": 119, "end": 125}, {"text": "Haryana", "type": "state", "start": 127, "end": 134}, {"text": "Gurugram", "type": "district", "start": 178, "end": 186}, {"text": "Delhi", "type": "state", "start": 188, "end": 193}, {"text": "Noida", "type": "district", "start": 195, "end": 200}, {"text": "Faridabad", "type": "district", "start": 206, "end": 215}], "geo": {"lat": 28.88993, "lon": 76.59957, "admin1": "Haryana", "admin2": "Rohtak", "resolution": "district", "method": "gazetteer_matched"}, "people_affected": 1500000, "resource_type": "sdrf_structural_inspection_teams", "resource_action": "available", "quantity": "6 inspection teams", "verification_status": "verified", "confidence": 0.99, "cross_source_corroboration": {"corroborating_record_ids": ["SH_IN_SYN_DEL_SENSOR_01"], "corroboration_type": "independent_official", "consensus_level": "high"}, "provenance": "Shoonya-Synthetic-India-v1.0 (Scenario: 2024 Magnitude 4.8 Seismic Tremor Cluster in Delhi-NCR (Epicenter Rohtak) / Augmenting HumAID-FIRE-IDRISI-TREC_IS)", "timestamp": "2024-04-12T18:35:00+05:30", "is_synthetic": true}
{"record_id": "SH_IN_SYN_DEL_SENSOR_01", "incident_id": "INC_2024_DEL_ROHTAK_EARTHQUAKE", "text": "NCS_ACCELEROMETER_LORA [STN_SEISMIC_ROHTAK_01]: Peak Ground Acceleration (PGA): 0.12g. MMI Intensity: V (Moderate Shaking). Tri-axial seismometer status: SEISMIC_TRIGGER_VERIFIED.", "source": "lora_sensor", "language": "en", "hazard_type": "earthquake", "information_type": "sensor_alert", "severity": "medium", "location": "Rohtak, Haryana", "location_spans": [], "geo": {"lat": 28.88443, "lon": 76.61097, "admin1": "Haryana", "admin2": "Rohtak", "resolution": "district", "method": "gps_device"}, "people_affected": null, "resource_type": "sensor_telemetry", "resource_action": "none", "quantity": null, "verification_status": "verified", "confidence": 0.99, "cross_source_corroboration": {"corroborating_record_ids": ["SH_IN_SYN_DEL_OFF_01"], "corroboration_type": "supporting", "consensus_level": "high"}, "provenance": "Shoonya-Synthetic-India-v1.0 (Scenario: 2024 Magnitude 4.8 Seismic Tremor Cluster in Delhi-NCR (Epicenter Rohtak) / Augmenting HumAID-FIRE-IDRISI-TREC_IS)", "timestamp": "2024-04-12T18:31:00+05:30", "is_synthetic": true}
{"record_id": "SH_IN_SYN_DEL_SMS_01", "incident_id": "INC_2024_DEL_ROHTAK_EARTHQUAKE", "text": "Rohtak purana bazar me ek purani haveli ki deewar gir gayi h. 3 log dab gaye the unko nikal liya h par hospital le jane ke liye ambulance chahiye!", "source": "sms", "language": "hi-en", "hazard_type": "earthquake", "information_type": "injured_or_dead_people", "severity": "high", "location": "purana bazar, Rohtak, Haryana", "location_spans": [{"text": "purana bazar", "type": "locality", "start": 7, "end": 19}, {"text": "Rohtak", "type": "district", "start": 0, "end": 6}], "geo": {"lat": 28.89913, "lon": 76.60849, "admin1": "Haryana", "admin2": "Rohtak", "resolution": "locality", "method": "gazetteer_matched"}, "people_affected": 3, "resource_type": "ambulance", "resource_action": "need", "quantity": "1 ambulance", "verification_status": "verified", "confidence": 0.92, "cross_source_corroboration": {"corroborating_record_ids": ["SH_IN_SYN_DEL_OFF_01", "SH_IN_SYN_DEL_SENSOR_01"], "corroboration_type": "supporting", "consensus_level": "high"}, "provenance": "Shoonya-Synthetic-India-v1.0 (Scenario: 2024 Magnitude 4.8 Seismic Tremor Cluster in Delhi-NCR (Epicenter Rohtak) / Augmenting HumAID-FIRE-IDRISI-TREC_IS)", "timestamp": "2024-04-12T18:55:00+05:30", "is_synthetic": true}
{"record_id": "SH_IN_SYN_DEL_IVR_01", "incident_id": "INC_2024_DEL_ROHTAK_EARTHQUAKE", "text": "हैलो, हम नोएडा सेक्टर 62 से बोल रहे हैं। भूकंप के बाद हमारी 18 मंजिला सोसाइटी की सीढ़ियों में गहरी दरारें आ गई हैं और लिफ्ट बंद हो गई है। रेजिडेंट्स नीचे खुले पार्क में खड़े हैं। स्ट्रक्चरल इंजीनियर भेजिए जांच के लिए।", "source": "ivr", "language": "hi", "hazard_type": "earthquake", "information_type": "infrastructure_and_utility_damage", "severity": "medium", "location": "नोएडा सेक्टर 62, नोएडा, उत्तर प्रदेश", "location_spans": [{"text": "नोएडा सेक्टर 62", "type": "locality", "start": 9, "end": 24}, {"text": "नोएडा", "type": "district", "start": 9, "end": 14}], "geo": {"lat": 28.8835, "lon": 76.60773, "admin1": "Haryana", "admin2": "Rohtak", "resolution": "locality", "method": "gazetteer_matched"}, "people_affected": 450, "resource_type": "structural_safety_engineers", "resource_action": "need", "quantity": "2 inspection engineers", "verification_status": "verified", "confidence": 0.94, "cross_source_corroboration": {"corroborating_record_ids": ["SH_IN_SYN_DEL_OFF_01", "SH_IN_SYN_DEL_SENSOR_01"], "corroboration_type": "supporting", "consensus_level": "high"}, "provenance": "Shoonya-Synthetic-India-v1.0 (Scenario: 2024 Magnitude 4.8 Seismic Tremor Cluster in Delhi-NCR (Epicenter Rohtak) / Augmenting HumAID-FIRE-IDRISI-TREC_IS)", "timestamp": "2024-04-12T19:15:00+05:30", "is_synthetic": true}
{"record_id": "SH_IN_SYN_DEL_SOC_01_RUMOUR", "incident_id": "INC_2024_DEL_ROHTAK_EARTHQUAKE", "text": "NASA and IIT Roorkee issued red warning: 8.5 magnitude monster earthquake hitting Delhi NCR tonight at 11 PM. Evacuate all apartments immediately! #EarthquakeDelhi", "source": "social", "language": "hi-en", "hazard_type": "earthquake", "information_type": "caution_and_advice", "severity": "critical", "location": "Delhi NCR, Delhi", "location_spans": [{"text": "Delhi NCR", "type": "district", "start": 82, "end": 91}, {"text": "Delhi", "type": "state", "start": 82, "end": 87}], "geo": {"lat": 28.89568, "lon": 76.59557, "admin1": "Haryana", "admin2": "Rohtak", "resolution": "district", "method": "gazetteer_matched"}, "people_affected": null, "resource_type": null, "resource_action": "none", "quantity": null, "verification_status": "debunked", "confidence": 0.04, "cross_source_corroboration": {"corroborating_record_ids": ["SH_IN_SYN_DEL_OFF_01", "SH_IN_SYN_DEL_SOC_02_CLARIFY"], "corroboration_type": "unverified_rumour", "consensus_level": "debunked"}, "provenance": "Shoonya-Synthetic-India-v1.0 (Scenario: 2024 Magnitude 4.8 Seismic Tremor Cluster in Delhi-NCR (Epicenter Rohtak) / Augmenting HumAID-FIRE-IDRISI-TREC_IS)", "timestamp": "2024-04-12T19:30:00+05:30", "is_synthetic": true}
{"record_id": "SH_IN_SYN_DEL_SOC_02_CLARIFY", "incident_id": "INC_2024_DEL_ROHTAK_EARTHQUAKE", "text": "PIB Fact Check: Reports predicting a magnitude 8.5 earthquake in Delhi NCR tonight are completely FAKE and scientifically impossible to forecast time. Do not spread panic.", "source": "social", "language": "en", "hazard_type": "earthquake", "information_type": "other_relevant_information", "severity": "low", "location": "Delhi NCR", "location_spans": [{"text": "Delhi NCR", "type": "district", "start": 65, "end": 74}], "geo": {"lat": 28.89097, "lon": 76.59366, "admin1": "Haryana", "admin2": "Rohtak", "resolution": "district", "method": "gazetteer_matched"}, "people_affected": null, "resource_type": null, "resource_action": "none", "quantity": null, "verification_status": "verified", "confidence": 0.99, "cross_source_corroboration": {"corroborating_record_ids": ["SH_IN_SYN_DEL_OFF_01", "SH_IN_SYN_DEL_SENSOR_01"], "corroboration_type": "supporting", "consensus_level": "high"}, "provenance": "Shoonya-Synthetic-India-v1.0 (Scenario: 2024 Magnitude 4.8 Seismic Tremor Cluster in Delhi-NCR (Epicenter Rohtak) / Augmenting HumAID-FIRE-IDRISI-TREC_IS)", "timestamp": "2024-04-12T19:50:00+05:30", "is_synthetic": true}
{"record_id": "SH_IN_SYN_TN_OFF_01", "incident_id": "INC_2023_TN_CHENNAI_FLOOD", "text": "TNSDMA ADVISORY: Cyclone Michaung dumped over 450mm rainfall within 24 hours in Chennai. Adyar and Cooum rivers in spate. Severe flooding in Velachery, Mudichur, Tambaram, and Perumbakkam. NDRF and Indian Navy rubberized Gemini boats deployed.", "source": "official", "language": "en", "hazard_type": "flood", "information_type": "displaced_people_and_evacuations", "severity": "critical", "location": "Velachery, Mudichur, Tambaram, Perumbakkam, Chennai, Tamil Nadu", "location_spans": [{"text": "Velachery", "type": "locality", "start": 141, "end": 150}, {"text": "Mudichur", "type": "locality", "start": 152, "end": 160}, {"text": "Tambaram", "type": "locality", "start": 162, "end": 170}, {"text": "Perumbakkam", "type": "locality", "start": 176, "end": 187}, {"text": "Chennai", "type": "district", "start": 80, "end": 87}], "geo": {"lat": 13.07503, "lon": 80.26425, "admin1": "Tamil Nadu", "admin2": "Chennai", "resolution": "locality", "method": "gazetteer_matched"}, "people_affected": 350000, "resource_type": "navy_gemini_boats", "resource_action": "available", "quantity": "25 Navy boats, 10 NDRF teams", "verification_status": "verified", "confidence": 0.99, "cross_source_corroboration": {"corroborating_record_ids": ["SH_IN_SYN_TN_SENSOR_01"], "corroboration_type": "independent_official", "consensus_level": "high"}, "provenance": "Shoonya-Synthetic-India-v1.0 (Scenario: 2023 Cyclone Michaung Catastrophic Inundation & Velachery/Tambaram Floods / Augmenting HumAID-FIRE-IDRISI-TREC_IS)", "timestamp": "2023-12-04T08:15:00+05:30", "is_synthetic": true}
{"record_id": "SH_IN_SYN_TN_SENSOR_01", "incident_id": "INC_2023_TN_CHENNAI_FLOOD", "text": "TN_PWD_RIVER_LORA [STN_ADYAR_SAIDAPET_02]: Adyar river discharge at Saidapet bridge recorded 68,000 cusecs (Danger level: 45,000 cusecs). Water height: 7.8m. Ultrasonic status: DANGER_HIGH_VELOCITY.", "source": "lora_sensor", "language": "en", "hazard_type": "flood", "information_type": "sensor_alert", "severity": "critical", "location": "Saidapet bridge, Chennai, Tamil Nadu", "location_spans": [{"text": "Saidapet bridge", "type": "landmark", "start": 68, "end": 83}], "geo": {"lat": 13.08085, "lon": 80.272, "admin1": "Tamil Nadu", "admin2": "Chennai", "resolution": "district", "method": "gps_device"}, "people_affected": null, "resource_type": "sensor_telemetry", "resource_action": "none", "quantity": null, "verification_status": "verified", "confidence": 0.99, "cross_source_corroboration": {"corroborating_record_ids": ["SH_IN_SYN_TN_OFF_01"], "corroboration_type": "supporting", "consensus_level": "high"}, "provenance": "Shoonya-Synthetic-India-v1.0 (Scenario: 2023 Cyclone Michaung Catastrophic Inundation & Velachery/Tambaram Floods / Augmenting HumAID-FIRE-IDRISI-TREC_IS)", "timestamp": "2023-12-04T08:05:00+05:30", "is_synthetic": true}
{"record_id": "SH_IN_SYN_TN_SMS_01", "incident_id": "INC_2023_TN_CHENNAI_FLOOD", "text": "Velachery AGS Colony me 6 feet pani bhar chuka hai power cut hai 3 din se. Ghar me 2 dialysis patient hain unko rescue boat se hospital shift karna hai SOS!", "source": "sms", "language": "hi-en", "hazard_type": "flood", "information_type": "requests_or_urgent_needs", "severity": "critical", "location": "AGS Colony, Velachery, Chennai", "location_spans": [{"text": "AGS Colony", "type": "locality", "start": 10, "end": 20}, {"text": "Velachery", "type": "locality", "start": 0, "end": 9}], "geo": {"lat": 13.09221, "lon": 80.26468, "admin1": "Tamil Nadu", "admin2": "Chennai", "resolution": "locality", "method": "gazetteer_matched"}, "people_affected": 2, "resource_type": "medical_rescue_boat", "resource_action": "need", "quantity": "1 motorized boat, paramedic", "verification_status": "verified", "confidence": 0.94, "cross_source_corroboration": {"corroborating_record_ids": ["SH_IN_SYN_TN_OFF_01", "SH_IN_SYN_TN_SENSOR_01"], "corroboration_type": "supporting", "consensus_level": "high"}, "provenance": "Shoonya-Synthetic-India-v1.0 (Scenario: 2023 Cyclone Michaung Catastrophic Inundation & Velachery/Tambaram Floods / Augmenting HumAID-FIRE-IDRISI-TREC_IS)", "timestamp": "2023-12-04T08:35:00+05:30", "is_synthetic": true}
{"record_id": "SH_IN_SYN_TN_SMS_02_DUP", "incident_id": "INC_2023_TN_CHENNAI_FLOOD", "text": "velachery ags colony 6ft flood water dialysis patients trapped need urgent boat to hospital", "source": "sms", "language": "hi-en", "hazard_type": "flood", "information_type": "requests_or_urgent_needs", "severity": "critical", "location": "velachery, ags colony, Chennai", "location_spans": [{"text": "velachery", "type": "locality", "start": 0, "end": 9}, {"text": "ags colony", "type": "locality", "start": 10, "end": 20}], "geo": {"lat": 13.0876, "lon": 80.28387, "admin1": "Tamil Nadu", "admin2": "Chennai", "resolution": "locality", "method": "gazetteer_matched"}, "people_affected": 2, "resource_type": "rescue_boat", "resource_action": "need", "quantity": "rescue boat", "verification_status": "verified", "confidence": 0.9, "cross_source_corroboration": {"corroborating_record_ids": ["SH_IN_SYN_TN_OFF_01", "SH_IN_SYN_TN_SMS_01"], "corroboration_type": "duplicate", "consensus_level": "high"}, "provenance": "Shoonya-Synthetic-India-v1.0 (Scenario: 2023 Cyclone Michaung Catastrophic Inundation & Velachery/Tambaram Floods / Augmenting HumAID-FIRE-IDRISI-TREC_IS)", "timestamp": "2023-12-04T08:44:00+05:30", "is_synthetic": true}
{"record_id": "SH_IN_SYN_TN_IVR_01", "incident_id": "INC_2023_TN_CHENNAI_FLOOD", "text": "Hello Chennai 1070 Helpline? We are stranded on the first floor at Mudichur near Varadharaja Nagar. Water is up to ground floor ceiling. 18 people including infants. No drinking water or milk for babies. Please send relief boat.", "source": "ivr", "language": "en", "hazard_type": "flood", "information_type": "requests_or_urgent_needs", "severity": "high", "location": "Varadharaja Nagar, Mudichur, Chennai, Tamil Nadu", "location_spans": [{"text": "Varadharaja Nagar", "type": "locality", "start": 81, "end": 98}, {"text": "Mudichur", "type": "locality", "start": 67, "end": 75}, {"text": "Chennai", "type": "district", "start": 6, "end": 13}], "geo": {"lat": 13.07173, "lon": 80.25916, "admin1": "Tamil Nadu", "admin2": "Chennai", "resolution": "locality", "method": "gazetteer_matched"}, "people_affected": 18, "resource_type": "baby_milk_and_drinking_water", "resource_action": "need", "quantity": "baby food, 50L drinking water", "verification_status": "verified", "confidence": 0.93, "cross_source_corroboration": {"corroborating_record_ids": ["SH_IN_SYN_TN_OFF_01", "SH_IN_SYN_TN_SENSOR_01"], "corroboration_type": "supporting", "consensus_level": "high"}, "provenance": "Shoonya-Synthetic-India-v1.0 (Scenario: 2023 Cyclone Michaung Catastrophic Inundation & Velachery/Tambaram Floods / Augmenting HumAID-FIRE-IDRISI-TREC_IS)", "timestamp": "2023-12-04T09:00:00+05:30", "is_synthetic": true}
{"record_id": "SH_IN_SYN_TN_APP_01_AVAIL", "incident_id": "INC_2023_TN_CHENNAI_FLOOD", "text": "Chennai Volunteer Food Network operational at Loyola College Nungambakkam. 8,000 hot sambar rice packets, 15,000 water bottles, and 20 rescue kayaks available for dispatch to Velachery and Tambaram.", "source": "app_report", "language": "en", "hazard_type": "flood", "information_type": "rescue_volunteering_or_donation_effort", "severity": "medium", "location": "Loyola College Nungambakkam, Velachery, Tambaram, Chennai", "location_spans": [{"text": "Loyola College Nungambakkam", "type": "poi", "start": 46, "end": 73}, {"text": "Velachery", "type": "locality", "start": 175, "end": 184}, {"text": "Tambaram", "type": "locality", "start": 189, "end": 197}, {"text": "Chennai", "type": "district", "start": 0, "end": 7}], "geo": {"lat": 13.07091, "lon": 80.2723, "admin1": "Tamil Nadu", "admin2": "Chennai", "resolution": "poi", "method": "gps_device"}, "people_affected": 8000, "resource_type": "cooked_meals_and_kayaks", "resource_action": "available", "quantity": "8000 meals, 15000 water bottles, 20 kayaks", "verification_status": "verified", "confidence": 0.97, "cross_source_corroboration": {"corroborating_record_ids": ["SH_IN_SYN_TN_OFF_01", "SH_IN_SYN_TN_SENSOR_01"], "corroboration_type": "supporting", "consensus_level": "high"}, "provenance": "Shoonya-Synthetic-India-v1.0 (Scenario: 2023 Cyclone Michaung Catastrophic Inundation & Velachery/Tambaram Floods / Augmenting HumAID-FIRE-IDRISI-TREC_IS)", "timestamp": "2023-12-04T09:30:00+05:30", "is_synthetic": true}
{"record_id": "SH_IN_SYN_TN_SOC_01_RUMOUR", "incident_id": "INC_2023_TN_CHENNAI_FLOOD", "text": "Crocodiles escaped from Madras Crocodile Bank Trust and swimming on OMR IT corridor roads! Stay on terraces! #ChennaiFloods", "source": "social", "language": "en", "hazard_type": "flood", "information_type": "caution_and_advice", "severity": "high", "location": "OMR, Chennai", "location_spans": [{"text": "OMR", "type": "landmark", "start": 68, "end": 71}, {"text": "Chennai", "type": "district", "start": 110, "end": 117}], "geo": {"lat": 13.07587, "lon": 80.27384, "admin1": "Tamil Nadu", "admin2": "Chennai", "resolution": "district", "method": "gazetteer_matched"}, "people_affected": null, "resource_type": null, "resource_action": "none", "quantity": null, "verification_status": "debunked", "confidence": 0.11, "cross_source_corroboration": {"corroborating_record_ids": ["SH_IN_SYN_TN_OFF_01", "SH_IN_SYN_TN_SOC_02_CLARIFY"], "corroboration_type": "unverified_rumour", "consensus_level": "debunked"}, "provenance": "Shoonya-Synthetic-India-v1.0 (Scenario: 2023 Cyclone Michaung Catastrophic Inundation & Velachery/Tambaram Floods / Augmenting HumAID-FIRE-IDRISI-TREC_IS)", "timestamp": "2023-12-04T09:55:00+05:30", "is_synthetic": true}
{"record_id": "SH_IN_SYN_TN_SOC_02_CLARIFY", "incident_id": "INC_2023_TN_CHENNAI_FLOOD", "text": "Madras Crocodile Bank official statement: All enclosures at the park are completely intact and secure. Zero reptiles escaped. Please stop spreading unverified rumors during crisis.", "source": "social", "language": "en", "hazard_type": "flood", "information_type": "other_relevant_information", "severity": "low", "location": "Chennai", "location_spans": [], "geo": {"lat": 13.08923, "lon": 80.26181, "admin1": "Tamil Nadu", "admin2": "Chennai", "resolution": "district", "method": "gazetteer_matched"}, "people_affected": null, "resource_type": null, "resource_action": "none", "quantity": null, "verification_status": "verified", "confidence": 0.99, "cross_source_corroboration": {"corroborating_record_ids": ["SH_IN_SYN_TN_OFF_01", "SH_IN_SYN_TN_SENSOR_01"], "corroboration_type": "supporting", "consensus_level": "high"}, "provenance": "Shoonya-Synthetic-India-v1.0 (Scenario: 2023 Cyclone Michaung Catastrophic Inundation & Velachery/Tambaram Floods / Augmenting HumAID-FIRE-IDRISI-TREC_IS)", "timestamp": "2023-12-04T10:10:00+05:30", "is_synthetic": true}
{"record_id": "SH_IN_SYN_KAR_OFF_01", "incident_id": "INC_2024_KAR_BLR_URBAN_FLOOD", "text": "BBMP DISASTER CELL: 130mm torrential rain in 3 hours flooded Outer Ring Road tech corridor, Ecospace Bellandur, and Sarjapur Road. Rajakaluve stormwater drains overflowed. Tractors and rafts pressed into service for IT park evacuation. Advisory issued for WFH.", "source": "official", "language": "en", "hazard_type": "urban_waterlogging", "information_type": "infrastructure_and_utility_damage", "severity": "high", "location": "Outer Ring Road, Ecospace Bellandur, Sarjapur Road, Bengaluru, Karnataka", "location_spans": [{"text": "Outer Ring Road", "type": "landmark", "start": 61, "end": 76}, {"text": "Ecospace Bellandur", "type": "poi", "start": 92, "end": 110}, {"text": "Sarjapur Road", "type": "landmark", "start": 116, "end": 129}], "geo": {"lat": 12.93923, "lon": 77.61742, "admin1": "Karnataka", "admin2": "Bengaluru Urban", "resolution": "poi", "method": "gazetteer_matched"}, "people_affected": 75000, "resource_type": "rescue_tractors_and_dewatering_pumps", "resource_action": "available", "quantity": "40 agriculture tractors, 25 high-capacity dewatering pumps", "verification_status": "verified", "confidence": 0.98, "cross_source_corroboration": {"corroborating_record_ids": ["SH_IN_SYN_KAR_SENSOR_01", "SH_IN_SYN_KAR_NEWS_01"], "corroboration_type": "independent_official", "consensus_level": "high"}, "provenance": "Shoonya-Synthetic-India-v1.0 (Scenario: 2024 Bengaluru Outer Ring Road & Bellandur Lake Breach Urban Waterlogging / Augmenting HumAID-FIRE-IDRISI-TREC_IS)", "timestamp": "2024-09-05T16:15:00+05:30", "is_synthetic": true}
{"record_id": "SH_IN_SYN_KAR_SENSOR_01", "incident_id": "INC_2024_KAR_BLR_URBAN_FLOOD", "text": "BBMP_SMART_LAKE_LORA [STN_BELLANDUR_SLUICE_02]: Water depth: 4.8m (Warning: 3.2m). Sump overflow discharge: 42 m3/s. Sluice gate sensor status: BLOCKED_BY_SILT_SURGE.", "source": "lora_sensor", "language": "en", "hazard_type": "urban_waterlogging", "information_type": "sensor_alert", "severity": "high", "location": "Bellandur Lake, Bengaluru, Karnataka", "location_spans": [], "geo": {"lat": 12.93486, "lon": 77.63666, "admin1": "Karnataka", "admin2": "Bengaluru Urban", "resolution": "district", "method": "gps_device"}, "people_affected": null, "resource_type": "sensor_telemetry", "resource_action": "none", "quantity": null, "verification_status": "verified", "confidence": 0.99, "cross_source_corroboration": {"corroborating_record_ids": ["SH_IN_SYN_KAR_OFF_01", "SH_IN_SYN_KAR_NEWS_01"], "corroboration_type": "supporting", "consensus_level": "high"}, "provenance": "Shoonya-Synthetic-India-v1.0 (Scenario: 2024 Bengaluru Outer Ring Road & Bellandur Lake Breach Urban Waterlogging / Augmenting HumAID-FIRE-IDRISI-TREC_IS)", "timestamp": "2024-09-05T16:05:00+05:30", "is_synthetic": true}
{"record_id": "SH_IN_SYN_KAR_SMS_01", "incident_id": "INC_2024_KAR_BLR_URBAN_FLOOD", "text": "Sarjapur Rainbow Drive layout me 5 ft paani bhar gya h transformers blast ho gye. 40 families villas me fassi hain tractor rescue bhejo urgently!", "source": "sms", "language": "hi-en", "hazard_type": "urban_waterlogging", "information_type": "requests_or_urgent_needs", "severity": "high", "location": "Rainbow Drive layout, Sarjapur, Bengaluru", "location_spans": [{"text": "Rainbow Drive layout", "type": "locality", "start": 9, "end": 29}, {"text": "Sarjapur", "type": "locality", "start": 0, "end": 8}], "geo": {"lat": 12.93021, "lon": 77.61342, "admin1": "Karnataka", "admin2": "Bengaluru Urban", "resolution": "locality", "method": "gazetteer_matched"}, "people_affected": 40, "resource_type": "rescue_tractors", "resource_action": "need", "quantity": "2 heavy duty tractors", "verification_status": "verified", "confidence": 0.92, "cross_source_corroboration": {"corroborating_record_ids": ["SH_IN_SYN_KAR_OFF_01", "SH_IN_SYN_KAR_SENSOR_01", "SH_IN_SYN_KAR_NEWS_01"], "corroboration_type": "supporting", "consensus_level": "high"}, "provenance": "Shoonya-Synthetic-India-v1.0 (Scenario: 2024 Bengaluru Outer Ring Road & Bellandur Lake Breach Urban Waterlogging / Augmenting HumAID-FIRE-IDRISI-TREC_IS)", "timestamp": "2024-09-05T16:35:00+05:30", "is_synthetic": true}
{"record_id": "SH_IN_SYN_KAR_SMS_02_DUP", "incident_id": "INC_2024_KAR_BLR_URBAN_FLOOD", "text": "rainbow drive sarjapur 5 feet water layout flooded 40 families trapped need tractor rescue fast", "source": "sms", "language": "hi-en", "hazard_type": "urban_waterlogging", "information_type": "requests_or_urgent_needs", "severity": "high", "location": "rainbow drive, sarjapur, Bengaluru", "location_spans": [{"text": "rainbow drive", "type": "locality", "start": 0, "end": 13}, {"text": "sarjapur", "type": "locality", "start": 14, "end": 22}], "geo": {"lat": 12.94959, "lon": 77.61435, "admin1": "Karnataka", "admin2": "Bengaluru Urban", "resolution": "locality", "method": "gazetteer_matched"}, "people_affected": 40, "resource_type": "tractor_rescue", "resource_action": "need", "quantity": "tractors", "verification_status": "verified", "confidence": 0.88, "cross_source_corroboration": {"corroborating_record_ids": ["SH_IN_SYN_KAR_OFF_01", "SH_IN_SYN_KAR_SMS_01"], "corroboration_type": "duplicate", "consensus_level": "high"}, "provenance": "Shoonya-Synthetic-India-v1.0 (Scenario: 2024 Bengaluru Outer Ring Road & Bellandur Lake Breach Urban Waterlogging / Augmenting HumAID-FIRE-IDRISI-TREC_IS)", "timestamp": "2024-09-05T16:42:00+05:30", "is_synthetic": true}
{"record_id": "SH_IN_SYN_KAR_IVR_01", "incident_id": "INC_2024_KAR_BLR_URBAN_FLOOD", "text": "Bengaluru Traffic Police Helpline? We are stuck in neck-deep water on ORR near Marathahalli flyover. 4 cars submerged, engines failed. We are standing on top of vehicle roofs with 2 elderly persons. Send rescue immediately.", "source": "ivr", "language": "en", "hazard_type": "urban_waterlogging", "information_type": "requests_or_urgent_needs", "severity": "critical", "location": "ORR, Marathahalli flyover, Bengaluru, Karnataka", "location_spans": [{"text": "ORR", "type": "landmark", "start": 70, "end": 73}, {"text": "Marathahalli flyover", "type": "landmark", "start": 79, "end": 99}, {"text": "Bengaluru", "type": "district", "start": 0, "end": 9}], "geo": {"lat": 12.93346, "lon": 77.63067, "admin1": "Karnataka", "admin2": "Bengaluru Urban", "resolution": "district", "method": "gazetteer_matched"}, "people_affected": 8, "resource_type": "rescue_inflatable_raft", "resource_action": "need", "quantity": "1 rescue raft, tow truck", "verification_status": "verified", "confidence": 0.95, "cross_source_corroboration": {"corroborating_record_ids": ["SH_IN_SYN_KAR_OFF_01", "SH_IN_SYN_KAR_SENSOR_01", "SH_IN_SYN_KAR_NEWS_01"], "corroboration_type": "supporting", "consensus_level": "high"}, "provenance": "Shoonya-Synthetic-India-v1.0 (Scenario: 2024 Bengaluru Outer Ring Road & Bellandur Lake Breach Urban Waterlogging / Augmenting HumAID-FIRE-IDRISI-TREC_IS)", "timestamp": "2024-09-05T16:50:00+05:30", "is_synthetic": true}
{"record_id": "SH_IN_SYN_KAR_NEWS_01", "incident_id": "INC_2024_KAR_BLR_URBAN_FLOOD", "text": "Bengaluru: Outer Ring Road IT firms suffer estimated Rs 225 crore loss as flooding halts operations. Bangalore Water Supply and Sewerage Board (BWSSB) supplies water tankers to affected residential layouts in Bellandur and Mahadevapura.", "source": "news", "language": "en", "hazard_type": "urban_waterlogging", "information_type": "infrastructure_and_utility_damage", "severity": "medium", "location": "Outer Ring Road, Bellandur, Mahadevapura, Bengaluru", "location_spans": [{"text": "Outer Ring Road", "type": "landmark", "start": 11, "end": 26}, {"text": "Bellandur", "type": "locality", "start": 209, "end": 218}, {"text": "Mahadevapura", "type": "locality", "start": 223, "end": 235}, {"text": "Bengaluru", "type": "district", "start": 0, "end": 9}], "geo": {"lat": 12.93703, "lon": 77.61286, "admin1": "Karnataka", "admin2": "Bengaluru Urban", "resolution": "locality", "method": "gazetteer_matched"}, "people_affected": 15000, "resource_type": "bwssb_water_tankers", "resource_action": "available", "quantity": "80 water tankers", "verification_status": "verified", "confidence": 0.97, "cross_source_corroboration": {"corroborating_record_ids": ["SH_IN_SYN_KAR_OFF_01", "SH_IN_SYN_KAR_SENSOR_01"], "corroboration_type": "supporting", "consensus_level": "high"}, "provenance": "Shoonya-Synthetic-India-v1.0 (Scenario: 2024 Bengaluru Outer Ring Road & Bellandur Lake Breach Urban Waterlogging / Augmenting HumAID-FIRE-IDRISI-TREC_IS)", "timestamp": "2024-09-05T17:30:00+05:30", "is_synthetic": true}
{"record_id": "SH_IN_SYN_KAR_APP_01_AVAIL", "incident_id": "INC_2024_KAR_BLR_URBAN_FLOOD", "text": "Bangalore 4x4 Offroaders Club mobilized 15 lifted SUVs with snorkels and winches at Bellandur junction. Available to ferry trapped families and medical emergencies through 4-ft water.", "source": "app_report", "language": "en", "hazard_type": "urban_waterlogging", "information_type": "rescue_volunteering_or_donation_effort", "severity": "medium", "location": "Bellandur junction, Bengaluru", "location_spans": [{"text": "Bellandur junction", "type": "landmark", "start": 84, "end": 102}], "geo": {"lat": 12.94855, "lon": 77.63023, "admin1": "Karnataka", "admin2": "Bengaluru Urban", "resolution": "district", "method": "gps_device"}, "people_affected": 120, "resource_type": "offroad_rescue_suvs", "resource_action": "available", "quantity": "15 4x4 rescue vehicles", "verification_status": "verified", "confidence": 0.96, "cross_source_corroboration": {"corroborating_record_ids": ["SH_IN_SYN_KAR_OFF_01", "SH_IN_SYN_KAR_SENSOR_01", "SH_IN_SYN_KAR_NEWS_01"], "corroboration_type": "supporting", "consensus_level": "high"}, "provenance": "Shoonya-Synthetic-India-v1.0 (Scenario: 2024 Bengaluru Outer Ring Road & Bellandur Lake Breach Urban Waterlogging / Augmenting HumAID-FIRE-IDRISI-TREC_IS)", "timestamp": "2024-09-05T17:50:00+05:30", "is_synthetic": true}
{"record_id": "SH_IN_SYN_KAR_SOC_01_RUMOUR", "incident_id": "INC_2024_KAR_BLR_URBAN_FLOOD", "text": "Toxic white foam from Bellandur lake is carrying radioactive waste and caused chemical skin peeling in 50 people! #BangaloreFloods", "source": "social", "language": "en", "hazard_type": "urban_waterlogging", "information_type": "injured_or_dead_people", "severity": "high", "location": "Bellandur lake, Bengaluru", "location_spans": [{"text": "Bellandur lake", "type": "landmark", "start": 22, "end": 36}], "geo": {"lat": 12.92467, "lon": 77.61058, "admin1": "Karnataka", "admin2": "Bengaluru Urban", "resolution": "district", "method": "gazetteer_matched"}, "people_affected": 50, "resource_type": null, "resource_action": "none", "quantity": null, "verification_status": "debunked", "confidence": 0.09, "cross_source_corroboration": {"corroborating_record_ids": ["SH_IN_SYN_KAR_OFF_01"], "corroboration_type": "unverified_rumour", "consensus_level": "debunked"}, "provenance": "Shoonya-Synthetic-India-v1.0 (Scenario: 2024 Bengaluru Outer Ring Road & Bellandur Lake Breach Urban Waterlogging / Augmenting HumAID-FIRE-IDRISI-TREC_IS)", "timestamp": "2024-09-05T18:05:00+05:30", "is_synthetic": true}
{"record_id": "SH_IN_SYN_JK_OFF_01", "incident_id": "INC_2024_JK_JHELUM_FLOOD", "text": "J&K IRRIGATION & FLOOD CONTROL: Jhelum river crossed flood spill mark reaching 21.20 feet at Ram Munshi Bagh gauge in Srinagar. Flood alert declared for central Kashmir. Sandbagging of vulnerable bunds at Rajbagh and Bemina underway.", "source": "official", "language": "en", "hazard_type": "flood", "information_type": "caution_and_advice", "severity": "high", "location": "Ram Munshi Bagh, Rajbagh, Bemina, Srinagar, Jammu & Kashmir", "location_spans": [{"text": "Ram Munshi Bagh", "type": "landmark", "start": 93, "end": 108}, {"text": "Rajbagh", "type": "locality", "start": 205, "end": 212}, {"text": "Bemina", "type": "locality", "start": 217, "end": 223}, {"text": "Srinagar", "type": "district", "start": 118, "end": 126}], "geo": {"lat": 34.07978, "lon": 74.79888, "admin1": "Jammu & Kashmir", "admin2": "Srinagar", "resolution": "locality", "method": "gazetteer_matched"}, "people_affected": 40000, "resource_type": "sandbags_and_dewatering_pumps", "resource_action": "available", "quantity": "50000 sandbags, 30 dewatering pumps", "verification_status": "verified", "confidence": 0.99, "cross_source_corroboration": {"corroborating_record_ids": ["SH_IN_SYN_JK_SENSOR_01"], "corroboration_type": "independent_official", "consensus_level": "high"}, "provenance": "Shoonya-Synthetic-India-v1.0 (Scenario: 2024 Jhelum River Spate & Urban Inundation in Srinagar / Augmenting HumAID-FIRE-IDRISI-TREC_IS)", "timestamp": "2024-04-30T09:10:00+05:30", "is_synthetic": true}
{"record_id": "SH_IN_SYN_JK_SENSOR_01", "incident_id": "INC_2024_JK_JHELUM_FLOOD", "text": "IFC_KASHMIR_LORA_GAUGE [STN_JHELUM_RMB_01]: Gauge reading: 21.25 ft (Danger Mark: 21.00 ft). Flow velocity: 2.8 m/s. Status: FLOOD_DECLARATION_THRESHOLD_BREACH.", "source": "lora_sensor", "language": "en", "hazard_type": "flood", "information_type": "sensor_alert", "severity": "high", "location": "Ram Munshi Bagh, Srinagar, Jammu & Kashmir", "location_spans": [], "geo": {"lat": 34.08159, "lon": 74.78355, "admin1": "Jammu & Kashmir", "admin2": "Srinagar", "resolution": "district", "method": "gps_device"}, "people_affected": null, "resource_type": "sensor_telemetry", "resource_action": "none", "quantity": null, "verification_status": "verified", "confidence": 0.99, "cross_source_corroboration": {"corroborating_record_ids": ["SH_IN_SYN_JK_OFF_01"], "corroboration_type": "supporting", "consensus_level": "high"}, "provenance": "Shoonya-Synthetic-India-v1.0 (Scenario: 2024 Jhelum River Spate & Urban Inundation in Srinagar / Augmenting HumAID-FIRE-IDRISI-TREC_IS)", "timestamp": "2024-04-30T09:05:00+05:30", "is_synthetic": true}
{"record_id": "SH_IN_SYN_JK_SMS_01", "incident_id": "INC_2024_JK_JHELUM_FLOOD", "text": "Bemina flood spill channel k pas pani colony me ghus gaya h. 15 ghar dube hain bujurg log fase hain SDRF rescue boat bhejo jaldi!", "source": "sms", "language": "hi-en", "hazard_type": "flood", "information_type": "requests_or_urgent_needs", "severity": "high", "location": "Bemina, Srinagar, Jammu & Kashmir", "location_spans": [{"text": "Bemina", "type": "locality", "start": 0, "end": 6}], "geo": {"lat": 34.075, "lon": 74.78979, "admin1": "Jammu & Kashmir", "admin2": "Srinagar", "resolution": "locality", "method": "gazetteer_matched"}, "people_affected": 15, "resource_type": "sdrf_rescue_boat", "resource_action": "need", "quantity": "2 SDRF rescue boats", "verification_status": "verified", "confidence": 0.91, "cross_source_corroboration": {"corroborating_record_ids": ["SH_IN_SYN_JK_OFF_01", "SH_IN_SYN_JK_SENSOR_01"], "corroboration_type": "supporting", "consensus_level": "high"}, "provenance": "Shoonya-Synthetic-India-v1.0 (Scenario: 2024 Jhelum River Spate & Urban Inundation in Srinagar / Augmenting HumAID-FIRE-IDRISI-TREC_IS)", "timestamp": "2024-04-30T09:35:00+05:30", "is_synthetic": true}
{"record_id": "SH_IN_SYN_JK_IVR_01", "incident_id": "INC_2024_JK_JHELUM_FLOOD", "text": "हैलो श्रीनगर फ्लड कंट्रोल? हम राजबाग से बोल रहे हैं। झेलम का तटबंध रिसाव कर रहा है। यहां तुरंत बालू की बोरियां और मजदूर भेजिए नहीं तो पूरा इलाका डूब जाएगा।", "source": "ivr", "language": "hi", "hazard_type": "flood", "information_type": "infrastructure_and_utility_damage", "severity": "high", "location": "राजबाग, श्रीनगर, जम्मू और कश्मीर", "location_spans": [{"text": "राजबाग", "type": "locality", "start": 30, "end": 36}, {"text": "श्रीनगर", "type": "district", "start": 5, "end": 12}], "geo": {"lat": 34.07178, "lon": 74.8057, "admin1": "Jammu & Kashmir", "admin2": "Srinagar", "resolution": "locality", "method": "gazetteer_matched"}, "people_affected": 200, "resource_type": "sandbags_and_reinforcement", "resource_action": "need", "quantity": "5000 sandbags, 20 workers", "verification_status": "verified", "confidence": 0.93, "cross_source_corroboration": {"corroborating_record_ids": ["SH_IN_SYN_JK_OFF_01", "SH_IN_SYN_JK_SENSOR_01"], "corroboration_type": "supporting", "consensus_level": "high"}, "provenance": "Shoonya-Synthetic-India-v1.0 (Scenario: 2024 Jhelum River Spate & Urban Inundation in Srinagar / Augmenting HumAID-FIRE-IDRISI-TREC_IS)", "timestamp": "2024-04-30T09:50:00+05:30", "is_synthetic": true}
{"record_id": "SH_IN_SYN_JK_APP_01_AVAIL", "incident_id": "INC_2024_JK_JHELUM_FLOOD", "text": "Kashmir Red Cross deployed mobile water purification unit and 500 blankets at relief shelter in Amar Singh College Srinagar.", "source": "app_report", "language": "en", "hazard_type": "flood", "information_type": "rescue_volunteering_or_donation_effort", "severity": "medium", "location": "Amar Singh College, Srinagar, Jammu & Kashmir", "location_spans": [{"text": "Amar Singh College", "type": "poi", "start": 96, "end": 114}, {"text": "Srinagar", "type": "district", "start": 115, "end": 123}], "geo": {"lat": 34.09522, "lon": 74.79449, "admin1": "Jammu & Kashmir", "admin2": "Srinagar", "resolution": "poi", "method": "gps_device"}, "people_affected": 500, "resource_type": "water_purifier_and_blankets", "resource_action": "available", "quantity": "1 purification plant, 500 blankets", "verification_status": "verified", "confidence": 0.97, "cross_source_corroboration": {"corroborating_record_ids": ["SH_IN_SYN_JK_OFF_01", "SH_IN_SYN_JK_SENSOR_01"], "corroboration_type": "supporting", "consensus_level": "high"}, "provenance": "Shoonya-Synthetic-India-v1.0 (Scenario: 2024 Jhelum River Spate & Urban Inundation in Srinagar / Augmenting HumAID-FIRE-IDRISI-TREC_IS)", "timestamp": "2024-04-30T10:25:00+05:30", "is_synthetic": true}
{"record_id": "SH_IN_SYN_DEL_OFF_01", "incident_id": "INC_2024_DEL_MUNDKA_FIRE", "text": "DELHI FIRE SERVICE: Category-6 Major Fire declared at commercial manufacturing building near Mundka Metro Pillar 544. 28 fire tenders and hydraulic aerial ladder platform pressed into operation. Search and rescue underway.", "source": "official", "language": "en", "hazard_type": "industrial", "information_type": "infrastructure_and_utility_damage", "severity": "critical", "location": "Mundka Metro Pillar 544, Mundka, Delhi", "location_spans": [{"text": "Mundka Metro Pillar 544", "type": "landmark", "start": 93, "end": 116}, {"text": "Mundka", "type": "locality", "start": 93, "end": 99}], "geo": {"lat": 28.68722, "lon": 77.02134, "admin1": "Delhi", "admin2": "West Delhi", "resolution": "locality", "method": "gazetteer_matched"}, "people_affected": 60, "resource_type": "fire_tenders_and_hydraulic_platforms", "resource_action": "available", "quantity": "28 fire tenders, 2 hydraulic platforms", "verification_status": "verified", "confidence": 0.99, "cross_source_corroboration": {"corroborating_record_ids": ["SH_IN_SYN_DEL_SENSOR_01", "SH_IN_SYN_DEL_NEWS_01"], "corroboration_type": "independent_official", "consensus_level": "high"}, "provenance": "Shoonya-Synthetic-India-v1.0 (Scenario: 2024 Mundka Commercial Electronic Warehouse Major Fire / Augmenting HumAID-FIRE-IDRISI-TREC_IS)", "timestamp": "2024-06-11T16:30:00+05:30", "is_synthetic": true}
{"record_id": "SH_IN_SYN_DEL_SENSOR_01", "incident_id": "INC_2024_DEL_MUNDKA_FIRE", "text": "DPCC_AQI_LORA [STN_MUNDKA_IND_05]: CO concentration: 48 PPM (Severe Toxicity). PM10: 1240 ug/m3. Thermal IR Camera detected building core heat 740°C. Status: INDUSTRIAL_FIRE_EMERGENCY.", "source": "lora_sensor", "language": "en", "hazard_type": "industrial", "information_type": "sensor_alert", "severity": "critical", "location": "Mundka, Delhi", "location_spans": [], "geo": {"lat": 28.6965, "lon": 77.04264, "admin1": "Delhi", "admin2": "West Delhi", "resolution": "district", "method": "gps_device"}, "people_affected": null, "resource_type": "sensor_telemetry", "resource_action": "none", "quantity": null, "verification_status": "verified", "confidence": 0.98, "cross_source_corroboration": {"corroborating_record_ids": ["SH_IN_SYN_DEL_OFF_01", "SH_IN_SYN_DEL_NEWS_01"], "corroboration_type": "supporting", "consensus_level": "high"}, "provenance": "Shoonya-Synthetic-India-v1.0 (Scenario: 2024 Mundka Commercial Electronic Warehouse Major Fire / Augmenting HumAID-FIRE-IDRISI-TREC_IS)", "timestamp": "2024-06-11T16:25:00+05:30", "is_synthetic": true}
{"record_id": "SH_IN_SYN_DEL_SMS_01", "incident_id": "INC_2024_DEL_MUNDKA_FIRE", "text": "Mundka metro k samne factory me aag lagi h 3rd floor pe 15 log phase hain khidki tod ke nikalne k liye hydraulic crane bhejo dhuen se dam ghut rha h!", "source": "sms", "language": "hi-en", "hazard_type": "industrial", "information_type": "requests_or_urgent_needs", "severity": "critical", "location": "Mundka metro, Mundka, Delhi", "location_spans": [{"text": "Mundka metro", "type": "landmark", "start": 0, "end": 12}, {"text": "Mundka", "type": "locality", "start": 0, "end": 6}], "geo": {"lat": 28.6907, "lon": 77.02667, "admin1": "Delhi", "admin2": "West Delhi", "resolution": "locality", "method": "gazetteer_matched"}, "people_affected": 15, "resource_type": "hydraulic_ladder_crane", "resource_action": "need", "quantity": "1 hydraulic ladder crane, oxygen masks", "verification_status": "verified", "confidence": 0.94, "cross_source_corroboration": {"corroborating_record_ids": ["SH_IN_SYN_DEL_OFF_01", "SH_IN_SYN_DEL_SENSOR_01", "SH_IN_SYN_DEL_NEWS_01"], "corroboration_type": "supporting", "consensus_level": "high"}, "provenance": "Shoonya-Synthetic-India-v1.0 (Scenario: 2024 Mundka Commercial Electronic Warehouse Major Fire / Augmenting HumAID-FIRE-IDRISI-TREC_IS)", "timestamp": "2024-06-11T16:45:00+05:30", "is_synthetic": true}
{"record_id": "SH_IN_SYN_DEL_IVR_01", "incident_id": "INC_2024_DEL_MUNDKA_FIRE", "text": "101 फायर कंट्रोल? हम मुंडका पिलर 544 से बोल रहे हैं। आग बहुत तेजी से सीढ़ियों पर फैल गई है। 10 से ज्यादा लोग छत पर फंसे हैं। नीचे कूदने की कोशिश कर रहे हैं। जल्दी से सेफ्टी नेट और क्रेन लगाइए।", "source": "ivr", "language": "hi", "hazard_type": "industrial", "information_type": "requests_or_urgent_needs", "severity": "critical", "location": "मुंडका पिलर 544, मुंडका, दिल्ली", "location_spans": [{"text": "मुंडका", "type": "locality", "start": 21, "end": 27}], "geo": {"lat": 28.69652, "lon": 77.04077, "admin1": "Delhi", "admin2": "West Delhi", "resolution": "locality", "method": "gazetteer_matched"}, "people_affected": 10, "resource_type": "safety_rescue_nets", "resource_action": "need", "quantity": "safety nets, hydraulic platform", "verification_status": "verified", "confidence": 0.95, "cross_source_corroboration": {"corroborating_record_ids": ["SH_IN_SYN_DEL_OFF_01", "SH_IN_SYN_DEL_SENSOR_01", "SH_IN_SYN_DEL_NEWS_01"], "corroboration_type": "supporting", "consensus_level": "high"}, "provenance": "Shoonya-Synthetic-India-v1.0 (Scenario: 2024 Mundka Commercial Electronic Warehouse Major Fire / Augmenting HumAID-FIRE-IDRISI-TREC_IS)", "timestamp": "2024-06-11T17:00:00+05:30", "is_synthetic": true}
{"record_id": "SH_IN_SYN_DEL_NEWS_01", "incident_id": "INC_2024_DEL_MUNDKA_FIRE", "text": "Delhi Fire Tragedy: 14 injured rescued from Mundka building fire and admitted to Sanjay Gandhi Memorial Hospital Mangolpuri. Delhi Police registers FIR against factory owners for safety violations.", "source": "news", "language": "en", "hazard_type": "industrial", "information_type": "injured_or_dead_people", "severity": "high", "location": "Mundka, Sanjay Gandhi Memorial Hospital Mangolpuri, Delhi", "location_spans": [{"text": "Mundka", "type": "locality", "start": 44, "end": 50}, {"text": "Sanjay Gandhi Memorial Hospital Mangolpuri", "type": "poi", "start": 81, "end": 123}, {"text": "Delhi", "type": "state", "start": 0, "end": 5}], "geo": {"lat": 28.69452, "lon": 77.04102, "admin1": "Delhi", "admin2": "West Delhi", "resolution": "poi", "method": "gazetteer_matched"}, "people_affected": 14, "resource_type": "burn_trauma_beds", "resource_action": "available", "quantity": "20 burn unit beds", "verification_status": "verified", "confidence": 0.98, "cross_source_corroboration": {"corroborating_record_ids": ["SH_IN_SYN_DEL_OFF_01", "SH_IN_SYN_DEL_SENSOR_01"], "corroboration_type": "supporting", "consensus_level": "high"}, "provenance": "Shoonya-Synthetic-India-v1.0 (Scenario: 2024 Mundka Commercial Electronic Warehouse Major Fire / Augmenting HumAID-FIRE-IDRISI-TREC_IS)", "timestamp": "2024-06-11T17:35:00+05:30", "is_synthetic": true}
{"record_id": "SH_IN_SYN_UK_OFF_01", "incident_id": "INC_2023_UK_JOSHIMATH_SUBSIDENCE", "text": "CHAMOLI DISTRICT MAGISTRATE ORDER: Joshimath declared landslide-subsidence disaster zone. Over 600 residential structures developed severe widening fissures in Sunil, Manohar Bagh, and Singdhar wards. Immediate shifting of 4,000 residents to temporary relief camps initiated.", "source": "official", "language": "en", "hazard_type": "landslide", "information_type": "displaced_people_and_evacuations", "severity": "critical", "location": "Sunil, Manohar Bagh, Singdhar, Joshimath, Chamoli, Uttarakhand", "location_spans": [{"text": "Sunil", "type": "locality", "start": 160, "end": 165}, {"text": "Manohar Bagh", "type": "locality", "start": 167, "end": 179}, {"text": "Singdhar", "type": "locality", "start": 185, "end": 193}, {"text": "Joshimath", "type": "locality", "start": 35, "end": 44}], "geo": {"lat": 30.5504, "lon": 79.57542, "admin1": "Uttarakhand", "admin2": "Chamoli", "resolution": "locality", "method": "gazetteer_matched"}, "people_affected": 4000, "resource_type": "temporary_shelters_and_heaters", "resource_action": "available", "quantity": "500 shelter rooms, 1200 electric heaters", "verification_status": "verified", "confidence": 0.99, "cross_source_corroboration": {"corroborating_record_ids": ["SH_IN_SYN_UK_SENSOR_01"], "corroboration_type": "independent_official", "consensus_level": "high"}, "provenance": "Shoonya-Synthetic-India-v1.0 (Scenario: 2023 Joshimath Slope Instability & Structural Subsidence / Augmenting HumAID-FIRE-IDRISI-TREC_IS)", "timestamp": "2023-01-06T11:15:00+05:30", "is_synthetic": true}
{"record_id": "SH_IN_SYN_UK_SENSOR_01", "incident_id": "INC_2023_UK_JOSHIMATH_SUBSIDENCE", "text": "CBRI_INCLINOMETER_LORA [STN_JOSHIMATH_SINGDHAR_02]: Borehole Extensometer cumulative displacement: 84 mm in 7 days (Critical Threshold: 15 mm). Rate of tilt: 4.2 mm/day. Status: RAPID_SLOPE_SUBSIDENCE.", "source": "lora_sensor", "language": "en", "hazard_type": "landslide", "information_type": "sensor_alert", "severity": "critical", "location": "Singdhar, Joshimath, Uttarakhand", "location_spans": [], "geo": {"lat": 30.54564, "lon": 79.57797, "admin1": "Uttarakhand", "admin2": "Chamoli", "resolution": "district", "method": "gps_device"}, "people_affected": null, "resource_type": "sensor_telemetry", "resource_action": "none", "quantity": null, "verification_status": "verified", "confidence": 0.99, "cross_source_corroboration": {"corroborating_record_ids": ["SH_IN_SYN_UK_OFF_01"], "corroboration_type": "supporting", "consensus_level": "high"}, "provenance": "Shoonya-Synthetic-India-v1.0 (Scenario: 2023 Joshimath Slope Instability & Structural Subsidence / Augmenting HumAID-FIRE-IDRISI-TREC_IS)", "timestamp": "2023-01-06T11:05:00+05:30", "is_synthetic": true}
{"record_id": "SH_IN_SYN_UK_SMS_01", "incident_id": "INC_2023_UK_JOSHIMATH_SUBSIDENCE", "text": "Joshimath Sunil ward me hotel Mount View ki deewar 1 foot jhuk gayi h kisine khali nahi karwaya to niche k 10 ghar dab jayenge. SDRF evacuation team jaldi bhejo!", "source": "sms", "language": "hi-en", "hazard_type": "landslide", "information_type": "requests_or_urgent_needs", "severity": "critical", "location": "hotel Mount View, Sunil ward, Joshimath, Uttarakhand", "location_spans": [{"text": "hotel Mount View", "type": "poi", "start": 24, "end": 40}, {"text": "Sunil ward", "type": "locality", "start": 10, "end": 20}, {"text": "Joshimath", "type": "locality", "start": 0, "end": 9}], "geo": {"lat": 30.56702, "lon": 79.57794, "admin1": "Uttarakhand", "admin2": "Chamoli", "resolution": "poi", "method": "gazetteer_matched"}, "people_affected": 40, "resource_type": "demolition_and_evacuation_team", "resource_action": "need", "quantity": "SDRF evacuation squad", "verification_status": "verified", "confidence": 0.94, "cross_source_corroboration": {"corroborating_record_ids": ["SH_IN_SYN_UK_OFF_01", "SH_IN_SYN_UK_SENSOR_01"], "corroboration_type": "supporting", "consensus_level": "high"}, "provenance": "Shoonya-Synthetic-India-v1.0 (Scenario: 2023 Joshimath Slope Instability & Structural Subsidence / Augmenting HumAID-FIRE-IDRISI-TREC_IS)", "timestamp": "2023-01-06T11:35:00+05:30", "is_synthetic": true}
{"record_id": "SH_IN_SYN_UK_IVR_01", "incident_id": "INC_2023_UK_JOSHIMATH_SUBSIDENCE", "text": "आपदा कंट्रोल रूम जोशीमठ? हम मारवाड़ी वार्ड से बोल रहे हैं। जमीन के अंदर से मटमैला पानी फूट पड़ा है और हमारे आंगन में 6 इंच का गड्ढा हो गया है। कड़ाके की ठंड में हम सब सड़क पर आ गए हैं। हमारे लिए टेंट और कंबल का इंतजाम कीजिए।", "source": "ivr", "language": "hi", "hazard_type": "landslide", "information_type": "requests_or_urgent_needs", "severity": "high", "location": "मारवाड़ी वार्ड, जोशीमठ, उत्तराखंड", "location_spans": [{"text": "मारवाड़ी वार्ड", "type": "locality", "start": 28, "end": 42}, {"text": "जोशीमठ", "type": "locality", "start": 17, "end": 23}], "geo": {"lat": 30.54909, "lon": 79.5716, "admin1": "Uttarakhand", "admin2": "Chamoli", "resolution": "locality", "method": "gazetteer_matched"}, "people_affected": 25, "resource_type": "winter_tents_and_blankets", "resource_action": "need", "quantity": "5 winter tents, 50 woollen blankets", "verification_status": "verified", "confidence": 0.93, "cross_source_corroboration": {"corroborating_record_ids": ["SH_IN_SYN_UK_OFF_01", "SH_IN_SYN_UK_SENSOR_01"], "corroboration_type": "supporting", "consensus_level": "high"}, "provenance": "Shoonya-Synthetic-India-v1.0 (Scenario: 2023 Joshimath Slope Instability & Structural Subsidence / Augmenting HumAID-FIRE-IDRISI-TREC_IS)", "timestamp": "2023-01-06T11:55:00+05:30", "is_synthetic": true}
{"record_id": "SH_IN_SYN_UK_APP_01_AVAIL", "incident_id": "INC_2023_UK_JOSHIMATH_SUBSIDENCE", "text": "Badrinath Kedarnath Temple Committee (BKTC) opened Badrinath Dharamshala at Joshimath for displaced families. 150 heated rooms, free langar meals, and hot water available.", "source": "app_report", "language": "en", "hazard_type": "landslide", "information_type": "rescue_volunteering_or_donation_effort", "severity": "medium", "location": "Badrinath Dharamshala, Joshimath, Uttarakhand", "location_spans": [{"text": "Badrinath Dharamshala", "type": "poi", "start": 51, "end": 72}, {"text": "Joshimath", "type": "locality", "start": 76, "end": 85}], "geo": {"lat": 30.55435, "lon": 79.56016, "admin1": "Uttarakhand", "admin2": "Chamoli", "resolution": "poi", "method": "gps_device"}, "people_affected": 600, "resource_type": "heated_rooms_and_meals", "resource_action": "available", "quantity": "150 heated rooms, 600 meals daily", "verification_status": "verified", "confidence": 0.97, "cross_source_corroboration": {"corroborating_record_ids": ["SH_IN_SYN_UK_OFF_01", "SH_IN_SYN_UK_SENSOR_01"], "corroboration_type": "supporting", "consensus_level": "high"}, "provenance": "Shoonya-Synthetic-India-v1.0 (Scenario: 2023 Joshimath Slope Instability & Structural Subsidence / Augmenting HumAID-FIRE-IDRISI-TREC_IS)", "timestamp": "2023-01-06T12:25:00+05:30", "is_synthetic": true}
